From Section,From Page,To Section,To Page
0.4,70,a,
0.6,146,8.2,135
0.6,146,B,255
0.6,146,E,430
0.8,352,18.8.1,398
1.3,26,19.1,411
1.4,27,6,26
1.4,27,C,
2.1,29,A,342
2.2,31,A,342
2.2,33,D,268
2.5,38,2.3,34
2.5,38,18,38
2.6,39,15.7,309
2.6,41,19,13
2.6,41,a,
3.3,44,3.5.1,
3.5,46,3.5.3,
3.5,48,3.5.4,
3.5,49,15.9,319
3.5,45,D,268
3.5,45,a,
4.2,55,5.5,81
4.3,57,E,430
4.7,65,B,255
4.7,65,D,268
5.1,69,2.5,37
5.1,69,6,26
5.1,71,9,11
5.1,71,13.7,253
5.1,72,f,
5.2,73,13,
5.2,73,13.3,245
5.2,73,D,268
5.3,76,5.2,75
5.3,77,5.5,81
5.3,78,f,
5.5,81,D,268
5.6,91,14.5,277
5.6,87,18.4.3,
5.6.3,84,D,268
5.7,93,a,
5.10,97,D,268
6.1,100,D,268
6.2,101,8,28
6.2,102,8,28
6.2,101,8.3.2,
6.6,109,5.7.1,93
6.6,110,D,268
6.6,109,D,268
6.6,110,E,430
6.7,111,D,268
6.7,115,E,430
6.7,117,a,
7.3,125,D,268
7.4,128,D,268
8.2,135,3,
8.2,135,7,
8.3,139,18.4.1,
8.3,139,D,268
8.3,137,D,268
8.3,136,E,430
8.3,139,E,430
8.4,142,6.7.1,
8.4,142,D,268
8.4,142,E,430
8.4,142,e,
8.5,145,15.7.3,302
8.5,144,B,255
8.5,143,D,268
8.5,143,E,430
8.5,145,E,430
8.6,147,5.5,81
8.6,148,8.2,135
8.6,147,D,268
8.6,147,E,430
8.7,150,8.6,147
8.7,149,18.4.1,
8.7,149,D,268
8.9,152,8.1,
8.9,156,12.1.2,
8.10,159,9,11
8.10,160,10,30
8.10,159,10,30
8.10,160,C,
8.10,159,D,268
8.10,162,D,268
8.10,160,E,430
9.2,163,16.1,325
9.2,163,16.3,333
9.2,164,D,268
9.2,164,E,430
9.2,163,a,
9.3,165,16,36
9.4,170,5.3,77
9.5,171,D,268
9.6,172,5.2.2,
9.6,172,9.7.1,175
9.6,172,16,36
9.6,172,E,430
9.6,173,f,
9.8,178,9.3,167
9.8,179,E,430
9.8,180,E,430
9.8,179,F,419
9.8,179,f,
9.9,181,9.8,177
9.9,181,a,
10.1,187,10.3,191
10.1,187,10.5,201
10.3,191,3.5.4,
10.3,191,5.6.7,87
10.3,191,18.4,383
10.3,191,a,
10.3.1,192,7.1,123
10.3.1,192,18.8.1,398
10.3.1,192,D,268
10.4,193,7.4,127
10.4,193,8.2,135
10.4,193,8.9,157
10.4,197,10.3.1,192
10.4,193,D,268
10.4,193,E,430
10.4,193,a,
10.4.1,194,7.3,125
10.4.1,194,D,268
10.4.1,194,E,430
10.4.3,198,8.9.2,155
10.4.3,198,10.4.1,194
10.5,203,1,337
10.5,204,18.1,368
10.5,203,a,
11.2,205,11.2.5,214
11.2,216,D,268
11.2,212,D,268
11.2,205,E,430
11.2,211,a,
11.2.5,214,12.1,225
11.2.5,214,D,268
11.3,221,18,38
11.3,221,C,
11.3,217,D,268
11.3,221,D,268
11.3,218,c,
12.1,223,8,28
12.1,223,8.9.2,155
12.1,223,11.2,215
12.3,230,8.9,157
12.3,233,11.2.3,
12.3,232,A,342
12.3,234,E,430
12.3,232,E,430
12.4,238,3.2.2,
12.4,236,6.5,105
12.4,241,14,34
12.4,236,15.9.4,319
12.4,237,18,38
12.4,237,18.6.1,390
12.4,237,E,430
13.2,243,13.3,245
13.4,247,B,255
13.4,248,D,268
13.5,249,13.4,247
13.5,249,D,268
13.7,251,a,
13.8,261,5.1,71
13.8,259,5.5.1,
13.8,258,7.1,123
13.8,258,14,34
13.8,258,D,268
13.8,262,E,430
14.1,263,14.3,269
14.1,264,14.4,275
14.1,263,14.4,275
14.1,263,18,38
14.2,265,3,
14.2,266,6.6,109
14.2,265,D,268
14.3,269,13.8,259
14.3,269,14.6.2,
14.3,267,15.9,319
14.3,267,15.9.1,
14.3,267,18.7,395
14.3,267,D,268
14.4,273,13.6,12
14.4,273,E,430
14.4,271,F,419
14.5,276,E,430
14.6,284,14.6.2,
14.6,287,15.1,
14.6,283,B,255
14.6,283,d,
14.6.1,280,F,419
15.2,289,8.1,
15.2,289,8.9,157
15.2,289,15.3,291
15.2,290,E,430
15.2,290,a,
15.3,291,6,26
15.3,291,15.5,294
15.3,291,18.4.2,382
15.4,293,18,38
15.4,293,18.2,371
15.5,294,E,430
15.6,295,14.6.2,
15.6,295,F,419
15.7,304,5.1,71
15.7,304,7.4.1,
15.7,306,8.4,141
15.7,304,13.3.2,
15.7,304,13.4,247
15.7,301,15.9.4,319
15.7,301,17.3,359
15.7,309,D,268
15.7,301,D,268
15.7,308,E,430
15.7,300,E,430
15.7,301,E,430
15.7,309,F,419
15.7,301,a,
15.7.3,302,15.7.1,
15.7.3,302,D,268
15.7.3,302,F,419
15.8,310,15.7,309
15.9,317,3.5.4,
15.9,319,4,24
15.9,316,8.4,141
15.9,321,9.2,163
15.9,319,15.9.4,319
15.9,321,16.4,337
15.9,311,18,38
15.9,321,D,268
15.9,319,D,268
15.9,316,E,430
15.9,322,E,430
15.9,322,d,
16.1,323,0.6,352
16.1,323,0.8,352
16.1,325,9,11
16.1,324,9.5,171
16.1,323,9.7.2,
16.1,324,18.3.3,
16.1,324,E,430
16.1,323,E,430
16.1,323,F,419
16.2,326,9.5,171
16.2,326,9.7.2,
16.2,326,16.1,325
16.2,330,18.8.1,398
16.2,330,18.8.2,402
16.2,330,E,430
16.2,326,E,430
16.2,329,f,
16.3,333,9.4,169
16.3,332,D,268
16.3,333,E,430
16.4,337,9,11
16.4,337,16.1,325
16.4,337,C,
16.4,335,E,430
16.6,349,11.2,215
16.6,345,16.6.1,
16.6,350,D,268
16.6,346,f,
17.1,351,D,268
17.2,353,11.2.1,
17.2,354,11.2.5,214
17.2,356,12.2,229
17.2,356,15.9.5,319
17.2,356,17.3,359
17.2,353,f,
17.3,358,15,
17.3,360,15.9.4,319
17.3,359,15.9.5,319
17.3,359,17.3.2,
17.3,360,D,268
17.3,360,E,430
17.3,359,a,
17.4,367,3.5.1,
17.4,361,10.4,197
17.4,363,10.4.1,194
17.4,363,10.4.3,198
17.4,364,10.4.3,198
17.4,364,18.8.1,398
17.4,361,E,430
17.4,363,E,430
18.1,13,A,342
18.1,16,A,342
18.1,13,B,255
18.1,13,C,
18.1,13,D,268
18.1,13,E,430
18.1,13,F,419
18.1,13,G,236
18.2,371,18.7,395
18.2,371,18.8.2,402
18.2,369,D,268
18.2,371,E,430
18.2,371,f,
18.2,370,a,
18.3,373,13.6,12
18.3,372,13.6,12
18.3,372,18.7,395
18.3,376,D,268
18.3,374,E,430
18.4,377,5.5.1,
18.4,383,5.6.7,87
18.4,377,8.2,135
18.4,381,8.6,147
18.4,378,18.5,387
18.4,381,18.5.1,384
18.4,383,D,268
18.4,379,E,430
18.4.2,382,8.6,147
18.4.2,382,a,
18.5,386,5.6.3,84
18.5,387,7.4,127
18.5,386,B,255
18.5,387,D,268
18.6,389,13.3,245
18.6,388,D,268
18.6,393,a,
18.7,395,a,
18.8,399,5.5.1,
18.8,401,10.4,197
18.8,397,14.3,269
18.8,397,E,430
18.8,404,G,236
18.8.1,398,E,430
18.9,405,3.5.1,
19.1,411,F,419
19.3,414,F,419
19.6,417,A,342
A,122,13.3,245
A,342,f,
B.1,421,B,255
C.1,423,C,
C.2,424,8.4,141
C.2,424,E,430
C.3,426,D,268
D,268,7.2,124
D,222,13,
D,222,13.3,245
D,268,14.4.1,
E.1,428,10,30
E.1,428,C,
E.1,428,E,430
F,30,D,268
F.1,430,F,419
F.2,433,5.6.6,
F.2,432,14.6.2,
G.1,435,G,236
G.2,449,a,
G.2,450,a,
G.2,437,c,
G.2,451,a,
G.2.1,436,18.2,371
L,312,15.9.1,
L,312,18.7,395
M,412,G,236
N,96,D,268
P,318,8.5,145
P,400,15.4,293
P,400,15.4.1,
P,318,15.9.5,319
P,400,18.2,371
R,154,D,268
R,154,E,430
X,296,1,337
X,270,3.5.1,
X,380,3.5.2,
X,246,5.5.1,
X,380,8,28
X,380,8.7,149
X,196,15,
X,270,A,342
X,296,C,
X,246,D,268
X,380,D,268
X,296,D,268
X,120,D,268
X,380,E,430
X,296,E,430
X,250,F,419
X,420,a,
Y,106,5.3,77
Y,362,8.9.2,155
Y,362,10.4,197
Y,92,13.8,259
Y,92,D,268
Y,106,D,268
Y,116,E,430
Z,282,5.6.6,
